Field,Value
Automotive,0.0041600000000000005
Basketball,0.036
Business,0.00604
Cricket,0.046
Education,0.004
Food,0.01604
Football,0.0522
Gaming,0.12
Health/Medicine,0.0061200000000000004
Laptops,0.06603999999999999
Literature,0.01624
Movies/TV shows,0.11008
Music,0.032
Nature,0.014119999999999999
Other News,0.028
Other Sports,0.07804
Other Tech,0.03608
Politics,0.01408
Religion,0.012
Smartphones,0.23416
Space,0.00824
Tennis,0.04036
Tourism,0.02
